filename,label
11pro_SL_TRX_FG.obj,shoe
2_of_Jenga_Classic_Game.obj,tower
30_CONSTRUCTION_SET.obj,construction
3D_Dollhouse_Happy_Brother.obj,doll
3D_Dollhouse_Lamp.obj,lamp
3D_Dollhouse_Refrigerator.obj,fridge
3D_Dollhouse_Sink.obj,sink
3D_Dollhouse_Sofa.obj,sofa
3D_Dollhouse_Swing.obj,house
3D_Dollhouse_TablePurple.obj,table
3M_Antislip_Surfacing_Light_Duty_White.obj,lamp
3M_Vinyl_Tape_Green_1_x_36_yd.obj,tape_roll
45oz_RAMEKIN_ASST_DEEP_COLORS.obj,tape_roll
50_BLOCKS.obj,blocks
5_HTP.obj,bottle
60_CONSTRUCTION_SET.obj,toy
ACE_Coffee_Mug_Kristen_16_oz_cup.obj,mug
ALPHABET_AZ_GRADIENT.obj,toy
ALPHABET_AZ_GRADIENT_WQb1ufEycSj.obj,toy
AMBERLIGHT_UP_W.obj,lamp
ASICS_GEL1140V_WhiteBlackSilver.obj,shoe
ASICS_GEL1140V_WhiteRoyalSilver.obj,shoe
ASICS_GELAce_Pro_Pearl_WhitePink.obj,shoe
ASICS_GELBlur33_20_GS_BlackWhiteSafety_Orange.obj,shoe
ASICS_GELBlur33_20_GS_Flash_YellowHot_PunchSilver.obj,shoe
ASICS_GELChallenger_9_Royal_BlueWhiteBlack.obj,shoe
ASICS_GELDirt_Dog_4_SunFlameBlack.obj,shoe
ASICS_GELLinksmaster_WhiteCoffeeSand.obj,shoe
ASICS_GELLinksmaster_WhiteRasberryGunmetal.obj,shoe
ASICS_GELLinksmaster_WhiteSilverCarolina_Blue.obj,car
ASICS_GELResolution_5_Flash_YellowBlackSilver.obj,shoe
ASICS_GELTour_Lyte_WhiteOrchidSilver.obj,shoe
ASICS_HyperRocketgirl_SP_5_WhiteMalibu_BlueBlack.obj,shoe
ASSORTED_VEGETABLE_SET.obj,vegetables
Adrenaline_GTS_13_Color_DrkDenimWhtBachlorBttnSlvr_Size_50_yfK40TNjq0V.obj,shoe
Adrenaline_GTS_13_Color_WhtObsdianBlckOlmpcSlvr_Size_70.obj,shoe
Air_Hogs_Wind_Flyers_Set_Airplane_Red.obj,plane
AllergenFree_JarroDophilus.obj,bottle
Android_Figure_Chrome.obj,doll
Android_Figure_Orange.obj,doll
Android_Figure_Panda.obj,doll
Android_Lego.obj,doll
Animal_Crossing_New_Leaf_Nintendo_3DS_Game.obj,media_case
Animal_Planet_Foam_2Headed_Dragon.obj,plane
Apples_to_Apples_Kids_Edition.obj,box
Arm_Hammer_Diaper_Pail_Refills_12_Pack_MFWkmoweejt.obj,box
Aroma_Stainless_Steel_Milk_Frother_2_Cup.obj,cup
Asus_80211ac_DualBand_Gigabit_Wireless_Router_RTAC68R.obj,router
Asus_M5A78LMUSB3_Motherboard_Micro_ATX_Socket_AM3.obj,motherboard
Asus_M5A99FX_PRO_R20_Motherboard_ATX_Socket_AM3.obj,motherboard
Asus_Sabertooth_990FX_20_Motherboard_ATX_Socket_AM3.obj,motherboard
Asus_Sabertooth_Z97_MARK_1_Motherboard_ATX_LGA1150_Socket.obj,motherboard
Asus_X99Deluxe_Motherboard_ATX_LGA2011v3_Socket.obj,motherboard
Asus_Z87PRO_Motherboard_ATX_LGA1150_Socket.obj,motherboard
Asus_Z97AR_LGA_1150_Intel_ATX_Motherboard.obj,motherboard
Asus_Z97IPLUS_Motherboard_Mini_ITX_LGA1150_Socket.obj,motherboard
Avengers_Gamma_Green_Smash_Fists.obj,fists
Avengers_Thor_PLlrpYniaeB.obj,doll
Azure_Snake_Tieks_Leather_Snake_Print_Ballet_Flats.obj,shoe
BABY_CAR.obj,car
BAGEL_WITH_CHEESE.obj,bagel
BAKING_UTENSILS.obj,baking_tools
BALANCING_CACTUS.obj,cactus
BATHROOM_CLASSIC.obj,bathroom
BATHROOM_FURNITURE_SET_1.obj,bathroom_furniture
BEDROOM_CLASSIC.obj,bedroom
BEDROOM_NEO.obj,bedroom
BIA_Cordon_Bleu_White_Porcelain_Utensil_Holder_900028.obj,holder
BIA_Porcelain_Ramekin_With_Glazed_Rim_35_45_oz_cup.obj,cup
BIRD_RATTLE.obj,toy
BRAILLE_ALPHABET_AZ.obj,toy
BREAKFAST_MENU.obj,breakfast
BUILD_A_ROBOT.obj,toy_set
BUILD_A_ZOO.obj,toy_set
BUNNY_RACER.obj,toy_car
BUNNY_RATTLE.obj,toy
Baby_Elements_Stacking_Cups.obj,cup
Balderdash_Game.obj,box
Beetle_Adventure_Racing_Nintendo_64.obj,case
Beta_Glucan.obj,bottle
Beyonc_Life_is_But_a_Dream_DVD.obj,dvd_casae
Bifidus_Balance_FOS.obj,bottle
Big_Dot_Aqua_Pencil_Case.obj,pencil_case
Big_Dot_Pink_Pencil_Case.obj,pencil_case
Big_O_Sponges_Assorted_Cellulose_12_pack.obj,box
BlackBlack_Nintendo_3DSXL.obj,handheld
Black_Decker_CM2035B_12Cup_Thermal_Coffeemaker.obj,coffe_machine
Black_Decker_Stainless_Steel_Toaster_4_Slice.obj,toaster
Black_Elderberry_Syrup_54_oz_Gaia_Herbs.obj,box
Black_Forest_Fruit_Snacks_28_Pack_Grape.obj,box
Black_Forest_Fruit_Snacks_Juicy_Filled_Centers_10_pouches_9_oz_total.obj,box
Black_and_Decker_PBJ2000_FusionBlade_Blender_Jars.obj,Box
Black_and_Decker_TR3500SD_2Slice_Toaster.obj,toaster
Blackcurrant_Lutein.obj,bottle
BlueBlack_Nintendo_3DSXL.obj,handheld
Blue_Jasmine_Includes_Digital_Copy_UltraViolet_DVD.obj,media_case
Borage_GLA240Gamma_Tocopherol.obj,bottle
Bradshaw_International_11642_7_Qt_MP_Plastic_Bowl.obj,bowl
Breyer_Horse_Of_The_Year_2015.obj,horse
Brisk_Iced_Tea_Lemon_12_12_fl_oz_355_ml_cans_144_fl_oz_426_lt.obj,box
Brother_Ink_Cartridge_Magenta_LC75M.obj,ink_cartridge
Brother_LC_1053PKS_Ink_Cartridge_CyanMagentaYellow_1pack.obj,ink_cartridge
Brother_Printing_Cartridge_PC501.obj,ink_cartridge
CARSII.obj,toy_cars
CAR_CARRIER_TRAIN.obj,toy_train
CASTLE_BLOCKS.obj,toy_castle
CHICKEN_NESTING.obj,toy_pyramid
CHICKEN_RACER.obj,toy_car
CHILDRENS_ROOM_NEO.obj,childrens_room
CHILDREN_BEDROOM_CLASSIC.obj,childrens_bedroom
CITY_TAXI_POLICE_CAR.obj,car
CLIMACOOL_BOAT_BREEZE_IE6CyqSaDwN.obj,shoe
COAST_GUARD_BOAT.obj,boat
CONE_SORTING.obj,toy_pyramids
CONE_SORTING_kg5fbARBwts.obj,toy_pyramids
CREATIVE_BLOCKS_35_MM.obj,toy_castle
California_Navy_Tieks_Italian_Leather_Ballet_Flats.obj,shoe
Calphalon_Kitchen_Essentials_12_Cast_Iron_Fry_Pan_Black.obj,pan
Canon_225226_Ink_Cartridges_BlackColor_Cyan_Magenta_Yellow_6_count.obj,ink_cartridge
Canon_Ink_Cartridge_Green_6.obj,ink_cartridge
Canon_Pixma_Chromalife_100_Magenta_8.obj,ink_cartidge
Canon_Pixma_Ink_Cartridge_251_M.obj,ink_cartridge
Canon_Pixma_Ink_Cartridge_8.obj,ink_cartridge
Canon_Pixma_Ink_Cartridge_8_Green.obj,ink_cartridge
Canon_Pixma_Ink_Cartridge_8_Red.obj,ink_cartridge
Canon_Pixma_Ink_Cartridge_Cyan_251.obj,ink_cartridge
Cascadia_8_Color_AquariusHibscsBearingSeaBlk_Size_50.obj,shoe
Central_Garden_Flower_Pot_Goo_425.obj,pot
Chef_Style_Round_Cake_Pan_9_inch_pan.obj,pan
Chefmate_8_Frypan.obj,pan
Chelsea_BlkHeelPMP_DwxLtZNxLZZ.obj,shoe
Chelsea_lo_fl_rdheel_nQ0LPNF1oMw.obj,shoe
Chelsea_lo_fl_rdheel_zAQrnhlEfw8.obj,shoe
Circo_Fish_Toothbrush_Holder_14995988.obj,cup
ClimaCool_Aerate_2_W_Wide.obj,shoe
Clorox_Premium_Choice_Gloves_SM_1_pair.obj,gloves
Closetmaid_Premium_Fabric_Cube_Red.obj,storage_bin
Clue_Board_Game_Classic_Edition.obj,box
CoQ10.obj,bottle
CoQ10_BjTLbuRVt1t.obj,bottle
CoQ10_wSSVoxVppVD.obj,bottle
Cole_Hardware_Antislip_Surfacing_Material_White.obj,tape_roll
Cole_Hardware_Antislip_Surfacing_White_2_x_60.obj,tape_roll
Cole_Hardware_Bowl_Scirocco_YellowBlue.obj,bowl
Cole_Hardware_Butter_Dish_Square_Red.obj,box
Cole_Hardware_Deep_Bowl_Good_Earth_1075.obj,bowl
Cole_Hardware_Dishtowel_Blue.obj,towel
Cole_Hardware_Dishtowel_BlueWhite.obj,towel
Cole_Hardware_Dishtowel_Multicolors.obj,towel
Cole_Hardware_Dishtowel_Red.obj,towel
Cole_Hardware_Dishtowel_Stripe.obj,towel
Cole_Hardware_Electric_Pot_Assortment_55.obj,pot
Cole_Hardware_Electric_Pot_Cabana_55.obj,pot
Cole_Hardware_Flower_Pot_1025.obj,pot
Cole_Hardware_Hammer_Black.obj,hammer
Cole_Hardware_Mini_Honey_Dipper.obj,honey_dipper
Cole_Hardware_Mug_Classic_Blue.obj,mug
Cole_Hardware_Orchid_Pot_85.obj,pot
Cole_Hardware_Plant_Saucer_Brown_125.obj,plant_saucer
Cole_Hardware_Plant_Saucer_Glazed_9.obj,plant_saucer
Cole_Hardware_Saucer_Electric.obj,plant_saucer
Cole_Hardware_Saucer_Glazed_6.obj,plant_saucer
Cole_Hardware_School_Bell_Solid_Brass_38.obj,bell
Colton_Wntr_Chukka_y4jO0I8JQFW.obj,shoe
Connect_4_Launchers.obj,box
Cootie_Game.obj,toy_insects
Cootie_Game_tDhURNbfU5J.obj,box
Copperhead_Snake_Tieks_Brown_Snake_Print_Ballet_Flats.obj,shoe
Corningware_CW_by_Corningware_3qt_Oblong_Casserole_Dish_Blue.obj,baking_dish
Court_Attitude.obj,shoe
Craftsman_Grip_Screwdriver_Phillips_Cushion.obj,screwdriver
Crayola_Bonus_64_Crayons.obj,package
Crayola_Crayons_120_crayons.obj,package
Crayola_Crayons_24_count.obj,package
Crayola_Crayons_Washable_24_crayons.obj,package
Crayola_Model_Magic_Modeling_Material_Single_Packs_6_pack_05_oz_packs.obj,package
Crayola_Model_Magic_Modeling_Material_White_3_oz.obj,package
Crayola_Washable_Fingerpaint_Red_Blue_Yellow_3_count_8_fl_oz_bottes_each.obj,package
Crayola_Washable_Sidewalk_Chalk_16_pack.obj,package
Crayola_Washable_Sidewalk_Chalk_16_pack_wDZECiw7J6s.obj,package
Crazy_8.obj,shoe
Crazy_Shadow_2.obj,shoe
Crazy_Shadow_2_oW4Jd10HFFr.obj,shoe
Cream_Tieks_Italian_Leather_Ballet_Flats.obj,shoe
Creatine_Monohydrate.obj,bottle
Crosley_Alarm_Clock_Vintage_Metal.obj,clock
Crunch_Girl_Scouts_Candy_Bars_Peanut_Butter_Creme_78_oz_box.obj,box
Curver_Storage_Bin_Black_Small.obj,storage_bin
DANCING_ALLIGATOR_zoWBjc0jbTs.obj,toy_alligator
DIM_CDG.obj,bottle
DINING_ROOM_CLASSIC.obj,dining_room
DINING_ROOM_CLASSIC_UJuxQ0hv5XU.obj,dining_room
DINNING_ROOM_FURNITURE_SET_1.obj,dinning_room
DOLL_FAMILY.obj,dolls
DPC_Handmade_Hat_Brown.obj,hat
DPC_Thinsulate_Isolate_Gloves_Brown.obj,gloves
DPC_tropical_Trends_Hat.obj,hat
DRAGON_W.obj,dragon
D_ROSE_45.obj,shoe
D_ROSE_773_II_Kqclsph05pE.obj,shoe
D_ROSE_773_II_hvInJwJ5HUD.obj,shoe
D_ROSE_ENGLEWOOD_II.obj,shoe
Dell_Ink_Cartridge.obj,ink_cartridge
Dell_Ink_Cartridge_Yellow_31.obj,ink_cartridge
Dell_Series_9_Color_Ink_Cartridge_MK993_High_Yield.obj,ink_cartridge
Design_Ideas_Drawer_Store_Organizer.obj,drawer
Deskstar_Desk_Top_Hard_Drive_1_TB.obj,hard_drive
Diamond_Visions_Scissors_Red.obj,scissors
Diet_Pepsi_Soda_Cola12_Pack_12_oz_Cans.obj,package
Digital_Camo_Double_Decker_Lunch_Bag.obj,bag
Dino_3.obj,dino
Dino_4.obj,dino
Dino_5.obj,dino
Dixie_10_ounce_Bowls_35_ct.obj,bowl
Dog.obj,dog
Don_Franciscos_Gourmet_Coffee_Medium_Decaf_100_Colombian_12_oz_340_g.obj,package
Down_To_Earth_Ceramic_Orchid_Pot_Asst_Blue.obj,pot
Down_To_Earth_Orchid_Pot_Ceramic_Lime.obj,pot
Down_To_Earth_Orchid_Pot_Ceramic_Red.obj,pot
ENFR_MID_ENFORCER.obj,shoe
Eat_to_Live_The_Amazing_NutrientRich_Program_for_Fast_and_Sustained_Weight_Loss_Revised_Edition_Book.obj,book
Ecoforms_Cup_B4_SAN.obj,cup
Ecoforms_Garden_Pot_GP16ATurquois.obj,pot
Ecoforms_Plant_Bowl_Atlas_Low.obj,bowl
Ecoforms_Plant_Bowl_Turquoise_7.obj,bowl
Ecoforms_Plant_Container_12_Pot_Nova.obj,pot
Ecoforms_Plant_Container_B4_Har.obj,pot
Ecoforms_Plant_Container_FB6_Tur.obj,pot
Ecoforms_Plant_Container_GP16AMOCHA.obj,pot
Ecoforms_Plant_Container_GP16A_Coral.obj,pot
Ecoforms_Plant_Container_QP6CORAL.obj,pot
Ecoforms_Plant_Container_QP6HARVEST.obj,pot
Ecoforms_Plant_Container_QP_Harvest.obj,pot
Ecoforms_Plant_Container_QP_Turquoise.obj,pot
Ecoforms_Plant_Container_Quadra_Sand_QP6.obj,pot
Ecoforms_Plant_Container_Quadra_Turquoise_QP12.obj,plant
Ecoforms_Plant_Container_S14Turquoise.obj,plant_saucer
Ecoforms_Plant_Container_S24NATURAL.obj,plant_saucer
Ecoforms_Plant_Container_S24Turquoise.obj,plant_saucer
Ecoforms_Plant_Container_SB9Turquoise.obj,pot
Ecoforms_Plant_Container_URN_NAT.obj,urn
Ecoforms_Plant_Container_URN_SAN.obj,urn
Ecoforms_Plant_Container_Urn_55_Avocado.obj,urn
Ecoforms_Plant_Container_Urn_55_Mocha.obj,urn
Ecoforms_Plant_Plate_S11Turquoise.obj,plant_saucer
Ecoforms_Plant_Pot_GP9AAvocado.obj,pot
Ecoforms_Plant_Pot_GP9_SAND.obj,pot
Ecoforms_Plant_Saucer_S14MOCHA.obj,plant_saucer
Ecoforms_Plant_Saucer_S14NATURAL.obj,plant_saucer
Ecoforms_Plant_Saucer_S17MOCHA.obj,plant_saucer
Ecoforms_Plant_Saucer_S20MOCHA.obj,plant_saucer
Ecoforms_Plant_Saucer_SQ1HARVEST.obj,plant_saucer
Ecoforms_Plant_Saucer_SQ8COR.obj,plant_saucer
Ecoforms_Planter_Bowl_Cole_Hardware.obj,bowl
Ecoforms_Planter_Pot_GP12AAvocado.obj,pot
Ecoforms_Planter_Pot_QP6Ebony.obj,pot
Ecoforms_Plate_S20Avocado.obj,plate
Ecoforms_Pot_Nova_6_Turquoise.obj,pot
Ecoforms_Quadra_Saucer_SQ1_Avocado.obj,plant_saucer
Ecoforms_Saucer_SQ3_Turquoise.obj,plant_saucer
Elephant.obj,elephant
Embark_Lunch_Cooler_Blue.obj,bag
Envision_Home_Dish_Drying_Mat_Red_6_x_18.obj,mat
Epson_273XL_Ink_Cartridge_Magenta.obj,ink_cartridge
Epson_DURABrite_Ultra_786_Black_Ink_Cartridge_T786120S.obj,ink_cartridge
Epson_Ink_Cartridge_126_Yellow.obj,ink_cartrigde
Epson_Ink_Cartridge_Black_200.obj,ink_cartrigde
Epson_LabelWorks_LC4WBN9_Tape_reel_labels_047_x_295_Roll_Black_on_White.obj,ink_cartrigde
Epson_LabelWorks_LC5WBN9_Tape_reel_labels_071_x_295_Roll_Black_on_White.obj,ink_cartrigde
Epson_T5803_Ink_Cartridge_Magenta_1pack.obj,ink_cartrigde
Epson_UltraChrome_T0543_Ink_Cartridge_Magenta_1pack.obj,ink_cartrigde
Epson_UltraChrome_T0548_Ink_Cartridge_Matte_Black_1pack.obj,ink_cartrigde
F10_TRX_FG_ssscuo9tGxb.obj,shoe
F10_TRX_TF_rH7tmKCdUJq.obj,shoe
F5_TRX_FG.obj,shoe
